{
 "baseFreq": 261.63,
 "x": [
  1.9464979789354602,
  1.2030019100150913,
  0.9732489894677302,
  1.574749944475276,
  0.45950584109472253,
  0.22975292054736135,
  0.831253875554907,
  2.220446049250313e-16,
  0.6015009550075459,
  1.2030019100150915,
  0.9732489894677301,
  0.7434960689203689,
  1.3449970239279145,
  0.22975292054736118,
  -0.0,
  0.6015009550075456,
  -0.22975292054736118,
  0.37174803446018445,
  0.9732489894677301,
  -0.7434960689203689,
  -0.14199511391282327,
  -0.9732489894677301,
  -0.3717480344601844,
  0.22975292054736124,
  -0.6015009550075456,
  5.551115123125783e-17,
  -2.220446049250313e-16,
  -0.22975292054736135,
  0.3717480344601843,
  -0.45950584109472253,
  0.1419951139128231,
  0.7434960689203687,
  -0.9732489894677302,
  -0.37174803446018456,
  -1.2030019100150913,
  -0.6015009550075457,
  -1.1102230246251565e-16,
  -0.8312538755549069,
  -0.2297529205473613,
  -1.9464979789354602,
  -1.3449970239279145,
  -0.7434960689203689,
  -1.5747499444752757,
  -0.9732489894677301,
  -1.2030019100150913,
  1.5747499444752757,
  1.3449970239279145,
  1.9464979789354602,
  0.8312538755549069,
  0.6015009550075457,
  1.2030019100150913,
  0.37174803446018456,
  0.9732489894677302,
  1.574749944475276,
  -0.1419951139128231,
  0.45950584109472253,
  -0.3717480344601843,
  0.22975292054736135,
  0.831253875554907,
  2.220446049250313e-16,
  0.6015009550075459,
  0.6015009550075456,
  0.3717480344601844,
  0.9732489894677301,
  0.14199511391282327,
  0.7434960689203689,
  1.3449970239279145,
  -0.37174803446018445,
  0.22975292054736118,
  -0.6015009550075456,
  -0.0,
  0.6015009550075456,
  -0.22975292054736118,
  0.37174803446018445,
  -1.3449970239279145,
  -0.7434960689203689,
  -0.14199511391282327,
  -0.9732489894677301,
  -0.3717480344601844,
  -0.6015009550075456,
  -0.6015009550075459,
  -2.220446049250313e-16,
  -0.831253875554907,
  -0.22975292054736135,
  0.3717480344601843,
  -0.45950584109472253,
  0.1419951139128231,
  -1.574749944475276,
  -0.9732489894677302,
  -0.37174803446018456,
  -1.2030019100150913,
  -0.6015009550075457,
  -0.8312538755549069,
  -1.9464979789354602,
  -1.3449970239279145,
  -1.5747499444752757,
  1.2030019100150913,
  0.9732489894677301,
  1.5747499444752757,
  0.7434960689203689,
  1.3449970239279145,
  1.9464979789354602,
  0.2297529205473613,
  0.8312538755549069,
  1.1102230246251565e-16,
  0.6015009550075457,
  1.2030019100150913,
  0.37174803446018456,
  0.9732489894677302,
  -0.7434960689203687,
  -0.1419951139128231,
  0.45950584109472253,
  -0.3717480344601843,
  0.22975292054736135,
  2.220446049250313e-16,
  -5.551115123125783e-17,
  0.6015009550075456,
  -0.22975292054736124,
  0.3717480344601844,
  0.9732489894677301,
  0.14199511391282327,
  0.7434960689203689,
  -0.9732489894677301,
  -0.37174803446018445,
  0.22975292054736118,
  -0.6015009550075456,
  -0.0,
  -0.22975292054736118,
  -1.3449970239279145,
  -0.7434960689203689,
  -0.9732489894677301,
  -1.2030019100150915,
  -0.6015009550075459,
  -2.220446049250313e-16,
  -0.831253875554907,
  -0.22975292054736135,
  -0.45950584109472253,
  -1.574749944475276,
  -0.9732489894677302,
  -1.2030019100150913,
  -1.9464979789354602
 ],
 "y": [
  -0.6324555320336755,
  -0.6324555320336758,
  -1.339562313220223,
  -1.1441228056353683,
  -0.6324555320336758,
  -1.3395623132202232,
  -1.1441228056353685,
  -2.046669094406771,
  -1.851229586821916,
  -1.6557900792370612,
  0.07465124915287163,
  -0.6324555320336758,
  -0.437016024448821,
  0.07465124915287152,
  -0.6324555320336759,
  -0.4370160244488211,
  -1.3395623132202232,
  -1.1441228056353685,
  -0.9486832980505138,
  -0.6324555320336759,
  -0.4370160244488211,
  -1.3395623132202232,
  -1.1441228056353685,
  -0.9486832980505138,
  -1.8512295868219157,
  -1.655790079237061,
  0.7817580303394189,
  0.07465124915287147,
  0.27009075673772626,
  -0.632455532033676,
  -0.43701602444882115,
  -0.24157651686396636,
  0.07465124915287136,
  0.27009075673772615,
  -0.632455532033676,
  -0.43701602444882126,
  -0.24157651686396647,
  -1.1441228056353687,
  -0.9486832980505139,
  -0.6324555320336762,
  -0.43701602444882137,
  -0.24157651686396658,
  -1.1441228056353687,
  -0.948683298050514,
  -1.6557900792370612,
  0.511667273601693,
  -0.1954395075848545,
  2.7755575615628914e-16,
  0.5116672736016927,
  -0.19543950758485465,
  1.3877787807814457e-16,
  -0.902546288771402,
  -0.7071067811865472,
  -0.5116672736016925,
  -0.19543950758485473,
  5.551115123125783e-17,
  -0.9025462887714022,
  -0.7071067811865474,
  -0.5116672736016925,
  -1.4142135623730947,
  -1.21877405478824,
  1.2187740547882402,
  0.5116672736016927,
  0.7071067811865475,
  -0.19543950758485468,
  1.1102230246251565e-16,
  0.1954395075848549,
  0.5116672736016926,
  0.7071067811865475,
  -0.1954395075848548,
  0.0,
  0.1954395075848548,
  -0.7071067811865475,
  -0.5116672736016926,
  -0.1954395075848549,
  -1.1102230246251565e-16,
  0.19543950758485468,
  -0.7071067811865475,
  -0.5116672736016927,
  -1.2187740547882402,
  1.21877405478824,
  1.4142135623730947,
  0.5116672736016925,
  0.7071067811865474,
  0.9025462887714022,
  -5.551115123125783e-17,
  0.19543950758485473,
  0.5116672736016925,
  0.7071067811865472,
  0.902546288771402,
  -1.3877787807814457e-16,
  0.19543950758485465,
  -0.5116672736016927,
  -2.7755575615628914e-16,
  0.1954395075848545,
  -0.511667273601693,
  1.6557900792370612,
  0.948683298050514,
  1.1441228056353687,
  0.24157651686396658,
  0.43701602444882137,
  0.6324555320336762,
  0.9486832980505139,
  1.1441228056353687,
  0.24157651686396647,
  0.43701602444882126,
  0.632455532033676,
  -0.27009075673772615,
  -0.07465124915287136,
  0.24157651686396636,
  0.43701602444882115,
  0.632455532033676,
  -0.27009075673772626,
  -0.07465124915287147,
  -0.7817580303394189,
  1.655790079237061,
  1.8512295868219157,
  0.9486832980505138,
  1.1441228056353685,
  1.3395623132202232,
  0.4370160244488211,
  0.6324555320336759,
  0.9486832980505138,
  1.1441228056353685,
  1.3395623132202232,
  0.4370160244488211,
  0.6324555320336759,
  -0.07465124915287152,
  0.437016024448821,
  0.6324555320336758,
  -0.07465124915287163,
  1.6557900792370612,
  1.851229586821916,
  2.046669094406771,
  1.1441228056353685,
  1.3395623132202232,
  0.6324555320336758,
  1.1441228056353683,
  1.339562313220223,
  0.6324555320336758,
  0.6324555320336755
 ],
 "num": [
  66,
  22,
  6,
  33,
  154,
  28,
  77,
  84,
  21,
  231,
  22,
  12,
  33,
  44,
  4,
  11,
  12,
  3,
  33,
  28,
  77,
  56,
  7,
  77,
  21,
  21,
  220,
  40,
  55,
  120,
  15,
  165,
  40,
  55,
  40,
  5,
  55,
  15,
  15,
  560,
  35,
  385,
  35,
  35,
  105,
  44,
  36,
  99,
  88,
  8,
  11,
  72,
  9,
  99,
  56,
  77,
  56,
  7,
  77,
  63,
  63,
  88,
  8,
  11,
  144,
  9,
  99,
  16,
  11,
  16,
  1,
  11,
  18,
  9,
  112,
  14,
  77,
  14,
  7,
  63,
  80,
  110,
  80,
  10,
  55,
  90,
  45,
  160,
  10,
  55,
  20,
  5,
  45,
  140,
  35,
  35,
  176,
  48,
  66,
  432,
  54,
  297,
  16,
  22,
  96,
  6,
  33,
  108,
  27,
  224,
  28,
  77,
  84,
  21,
  189,
  32,
  22,
  96,
  12,
  33,
  108,
  27,
  64,
  4,
  11,
  12,
  3,
  27,
  56,
  7,
  21,
  320,
  40,
  55,
  120,
  15,
  135,
  40,
  5,
  15,
  35
 ],