{
  "freqRatioScalar": 1.7240816325714696,
  "diamondCount": 24,
  "diamondNodes": [
    [
      0.948683298050514,
      -4.122748878418282
    ],
    [
      -1.0233345472033855,
      -3.149499888950552
    ],
    [
      -0.8278950396185306,
      -3.751000843958097
    ],
    [
      -1.5350018208050782,
      -3.521247923410736
    ],
    [
      -3.311580158474123,
      -3.149499888950552
    ],
    [
      1.6557900792370617,
      -3.89299595787092
    ],
    [
      1.4603505716522067,
      -2.5479989339430054
    ],
    [
      1.6557900792370617,
      -3.1494998889505514
    ],
    [
      0.31622776601683783,
      -2.91974696840319
    ],
    [
      0.5116672736016925,
      -3.5212479234107357
    ],
    [
      1.1441228056353687,
      -3.5212479234107357
    ],
    [
      0.31622776601683816,
      -2.1762508994828216
    ],
    [
      -0.8278950396185307,
      -2.547998933943006
    ],
    [
      -0.19543950758485473,
      -2.547998933943006
    ],
    [
      -0.6324555320336759,
      -3.1494998889505514
    ],
    [
      -1.3395623132202235,
      -2.9197469684031905
    ],
    [
      -2.1674573528387544,
      -1.574749944475276
    ],
    [
      -1.5350018208050782,
      -1.574749944475276
    ],
    [
      -1.9720178452538994,
      -2.1762508994828216
    ],
    [
      -1.3395623132202232,
      -2.1762508994828216
    ],
    [
      1.6557900792370612,
      -1.94649797893546
    ],
    [
      -0.12078825843198322,
      -1.574749944475276
    ],
    [
      -0.827895039618531,
      -1.3449970239279145
    ],
    [
      -0.6324555320336761,
      -1.9464979789354604
    ]
  ],
  "eikosanyCount": 7,
  "eikosanyNodes": [
    [
      3.128142526558558e-18,
      -3.1494998889505514
    ],
    [
      -2.4836851188555924,
      -2.5479989339430063
    ],
    [
      -1.8512295868219162,
      -2.5479989339430063
    ],
    [
      -3.6278079244909613,
      -2.176250899482822
    ],
    [
      -2.995352392457285,
      -2.176250899482822
    ],
    [
      -1.3262101980587697e-16,
      -1.9464979789354604
    ],
    [
      -1.1441228056353687,
      -1.5747499444752762
    ]
  ]
}