{
  "freqRatioScalar": 1.1493877550570304,
  "diamondCount": 22,
  "diamondNodes": [
    [
      -0.19543950758485465,
      -3.751000843958097
    ],
    [
      -2.679124626440447,
      -3.149499888950552
    ],
    [
      0.31622776601683783,
      -2.91974696840319
    ],
    [
      0.5116672736016925,
      -3.5212479234107357
    ],
    [
      1.1441228056353687,
      -3.5212479234107357
    ],
    [
      0.31622776601683816,
      -2.1762508994828216
    ],
    [
      -0.8278950396185307,
      -2.547998933943006
    ],
    [
      -0.19543950758485473,
      -2.547998933943006
    ],
    [
      -0.6324555320336759,
      -3.1494998889505514
    ],
    [
      3.128142526558558e-18,
      -3.1494998889505514
    ],
    [
      -1.3395623132202235,
      -2.9197469684031905
    ],
    [
      -2.1674573528387544,
      -1.574749944475276
    ],
    [
      -1.5350018208050782,
      -1.574749944475276
    ],
    [
      -1.9720178452538994,
      -2.1762508994828216
    ],
    [
      -1.3395623132202232,
      -2.1762508994828216
    ],
    [
      -2.679124626440447,
      -1.9464979789354602
    ],
    [
      -2.4836851188555924,
      -2.5479989339430063
    ],
    [
      -2.679124626440447,
      -1.203001910015092
    ],
    [
      0.5116672736016927,
      -1.574749944475276
    ],
    [
      -0.6324555320336761,
      -1.9464979789354604
    ],
    [
      -1.3262101980587697e-16,
      -1.9464979789354604
    ],
    [
      -1.9720178452538997,
      -0.9732489894677304
    ]
  ],
  "eikosanyCount": 40,
  "eikosanyNodes": [
    [
      0.3162277660168379,
      -4.122748878418282
    ],
    [
      0.948683298050514,
      -4.122748878418282
    ],
    [
      -0.8278950396185308,
      -4.494496912878466
    ],
    [
      -0.1954395075848548,
      -4.494496912878466
    ],
    [
      -1.0233345472033855,
      -3.149499888950552
    ],
    [
      -0.8278950396185306,
      -3.751000843958097
    ],
    [
      -2.1674573528387544,
      -3.521247923410736
    ],
    [
      -1.5350018208050782,
      -3.521247923410736
    ],
    [
      -1.9720178452538994,
      -4.122748878418282
    ],
    [
      -1.3395623132202235,
      -4.122748878418282
    ],
    [
      -3.311580158474123,
      -3.149499888950552
    ],
    [
      -2.046669094406771,
      -3.149499888950552
    ],
    [
      -2.483685118855592,
      -3.7510008439580975
    ],
    [
      -4.018686939660671,
      -2.176250899482822
    ],
    [
      -3.823247432075816,
      -2.777751854490368
    ],
    [
      -3.1907919000421394,
      -2.777751854490368
    ],
    [
      2.79991288487243,
      -3.5212479234107357
    ],
    [
      1.6557900792370617,
      -3.89299595787092
    ],
    [
      1.4603505716522067,
      -2.5479989339430054
    ],
    [
      1.0233345472033855,
      -3.1494998889505514
    ],
    [
      1.6557900792370617,
      -3.1494998889505514
    ],
    [
      -1.8512295868219162,
      -2.5479989339430063
    ],
    [
      -3.823247432075816,
      -1.5747499444752762
    ],
    [
      -3.19079190004214,
      -1.5747499444752762
    ],
    [
      -3.6278079244909613,
      -2.176250899482822
    ],
    [
      2.3628968604236094,
      -2.91974696840319
    ],
    [
      1.0233345472033852,
      -1.94649797893546
    ],
    [
      1.6557900792370612,
      -1.94649797893546
    ],
    [
      1.8512295868219162,
      -2.547998933943006
    ],
    [
      -0.316227766016838,
      -0.9732489894677302
    ],
    [
      0.3162277660168379,
      -0.9732489894677302
    ],
    [
      -0.12078825843198322,
      -1.574749944475276
    ],
    [
      1.1441228056353687,
      -1.574749944475276
    ],
    [
      -0.827895039618531,
      -1.3449970239279145
    ],
    [
      -0.8278950396185307,
      -0.6015009550075461
    ],
    [
      -0.19543950758485476,
      -0.6015009550075461
    ],
    [
      -1.3395623132202237,
      -0.9732489894677304
    ],
    [
      -1.1441228056353687,
      -1.5747499444752762
    ],
    [
      -2.483685118855592,
      -0.6015009550075463
    ],
    [
      -3.627807924490961,
      -0.9732489894677305
    ]
  ]
}